Title,English_Title,Episodes,Min_Per_Ep,Season,Start_Date,End_Date,Studios,Source,Genres,Themes,Demographic,Rating,Score,Users,Members,Insert_Time
Sousou no Frieren,Frieren: Beyond Journey's End,28.0,24.0,Fall 2023,2023-09-29,2024-03-31,['Madhouse'],Manga,"['Adventure', 'Drama', 'Fantasy']",,Shounen,PG-13 - Teens 13 or older,9.14,121718.0,415470,2023-12-31 16:58:23.046856
Tate no Yuusha no Nariagari Season 3,The Rising of the Shield Hero Season 3,12.0,23.0,Fall 2023,2023-10-06,2023-12-22,['Kinema Citrus'],Light novel,"['Action', 'Adventure', 'Drama', 'Fantasy']",['Isekai'],,PG-13 - Teens 13 or older,7.15,55344.0,387232,2023-12-31 16:58:29.049794
Spy x Family Season 2,,12.0,23.0,Fall 2023,2023-10-07,2023-12-23,"['Wit Studio', 'CloverWorks']",Manga,"['Action', 'Comedy']",['Childcare'],Shounen,PG-13 - Teens 13 or older,8.1,101707.0,383633,2023-12-31 16:58:34.951906
Goblin Slayer II,,12.0,23.0,Fall 2023,2023-10-06,2023-12-22,['LIDENFILMS'],Light novel,"['Action', 'Adventure', 'Fantasy']",['Gore'],,R - 17+ (violence & profanity),7.28,57723.0,297403,2023-12-31 16:58:41.047125
Kage no Jitsuryokusha ni Naritakute! 2nd Season,The Eminence in Shadow Season 2,12.0,23.0,Fall 2023,2023-10-04,2023-12-20,['Nexus'],Light novel,"['Action', 'Comedy', 'Fantasy']","['Isekai', 'Reincarnation']",,R - 17+ (violence & profanity),8.49,110952.0,279461,2023-12-31 16:58:47.062200
Dr. Stone: New World Part 2,,11.0,23.0,Fall 2023,2023-10-12,2023-12-21,['TMS Entertainment'],Manga,"['Adventure', 'Comedy', 'Sci-Fi']",['Time Travel'],Shounen,PG-13 - Teens 13 or older,8.36,72817.0,209889,2023-12-31 16:58:53.064891
Kusuriya no Hitorigoto,The Apothecary Diaries,24.0,22.0,Fall 2023,2023-10-22,2024-03-31,"['OLM', 'TOHO animation STUDIO']",Light novel,"['Drama', 'Mystery']","['Historical', 'Medical']",,PG-13 - Teens 13 or older,8.79,42945.0,201762,2023-12-31 16:58:59.136870
Undead Unluck,,24.0,23.0,Fall 2023,2023-10-07,2024-03-31,['David Production'],Manga,"['Action', 'Comedy', 'Supernatural']",['Super Power'],Shounen,R - 17+ (violence & profanity),7.84,28521.0,182462,2023-12-31 16:59:05.116890
"Shangri-La Frontier: Kusoge Hunter, Kamige ni Idoman to su",Shangri-La Frontier,25.0,25.0,Fall 2023,2023-10-01,2024-03-31,['C2C'],Manga,"['Action', 'Adventure', 'Fantasy']",['Video Game'],Shounen,PG-13 - Teens 13 or older,7.98,35551.0,158465,2023-12-31 16:59:11.149286
Kimi no Koto ga Daidaidaidaidaisuki na 100-nin no Kanojo,"The 100 Girlfriends Who Really, Really, Really, Really, Really Love You",12.0,23.0,Fall 2023,2023-10-08,2023-12-24,['Bibury Animation Studios'],Manga,"['Comedy', 'Romance']","['Harem', 'Parody', 'School']",Seinen,PG-13 - Teens 13 or older,7.94,56592.0,153211,2023-12-31 16:59:16.976514
Tokyo Revengers: Tenjiku-hen,,13.0,23.0,Fall 2023,2023-10-04,2023-12-27,['LIDENFILMS'],Manga,"['Action', 'Drama', 'Supernatural']","['Delinquents', 'Time Travel']",Shounen,R - 17+ (violence & profanity),7.87,40818.0,147714,2023-12-31 16:59:23.188824
Hametsu no Oukoku,The Kingdoms of Ruin,12.0,24.0,Fall 2023,2023-10-07,2023-12-23,['Yokohama Animation Lab'],Manga,"['Action', 'Drama', 'Fantasy', 'Sci-Fi']",['Gore'],Shounen,R - 17+ (violence & profanity),6.35,40846.0,144520,2023-12-31 16:59:29.279092
"Keikenzumi na Kimi to, Keiken Zero na Ore ga, Otsukiai suru Hanashi.",Our Dating Story: The Experienced You and The Inexperienced Me,12.0,23.0,Fall 2023,2023-10-06,2023-12-22,['ENGI'],Light novel,['Romance'],['School'],,PG-13 - Teens 13 or older,6.75,39496.0,130250,2023-12-31 16:59:35.180970
Boushoku no Berserk,Berserk of Gluttony,12.0,23.0,Fall 2023,2023-10-05,2023-12-21,['A.C.G.T.'],Light novel,"['Action', 'Fantasy']",,,R - 17+ (violence & profanity),6.78,51831.0,126965,2023-12-31 16:59:41.181382
Ragna Crimson,,24.0,24.0,Fall 2023,2023-10-01,2024-03-31,['SILVER LINK.'],Manga,"['Action', 'Fantasy']",,Shounen,R - 17+ (violence & profanity),7.53,21297.0,123210,2023-12-31 16:59:47.156516
Seiken Gakuin no Makentsukai,The Demon Sword Master of Excalibur Academy,12.0,23.0,Fall 2023,2023-10-03,2023-12-19,['Passione'],Light novel,"['Action', 'Fantasy']","['Harem', 'Reincarnation', 'School']",,R - 17+ (violence & profanity),6.23,30206.0,101492,2023-12-31 16:59:53.269557
Kamonohashi Ron no Kindan Suiri,Ron Kamonohashi's Forbidden Deductions,13.0,24.0,Fall 2023,2023-10-02,2023-12-25,['Diomedéa'],Manga,"['Comedy', 'Mystery']","['Adult Cast', 'Detective']",Shounen,PG-13 - Teens 13 or older,7.44,22104.0,97765,2023-12-31 16:59:59.052299
Saihate no Paladin: Tetsusabi no Yama no Ou,The Faraway Paladin: The Lord of the Rust Mountains,12.0,23.0,Fall 2023,2023-10-07,2023-12-23,"['OLM', 'Sunrise Beyond']",Light novel,"['Action', 'Adventure', 'Fantasy']","['Isekai', 'Reincarnation']",,PG-13 - Teens 13 or older,7.42,19292.0,94619,2023-12-31 17:00:05.155529
Dead Mount Death Play Part 2,,12.0,23.0,Fall 2023,2023-10-10,2023-12-26,['Geek Toys'],Manga,"['Action', 'Fantasy', 'Supernatural']",['Reincarnation'],Seinen,R - 17+ (violence & profanity),7.51,22421.0,82435,2023-12-31 17:00:11.059616
Watashi no Oshi wa Akuyaku Reijou.,I'm in Love with the Villainess,12.0,24.0,Fall 2023,2023-10-03,2023-12-19,['Platinum Vision'],Light novel,"['Comedy', 'Fantasy', 'Girls Love']","['Isekai', 'School']",,PG-13 - Teens 13 or older,7.38,28198.0,78805,2023-12-31 17:00:17.986680
Kikansha no Mahou wa Tokubetsu desu,A Returner's Magic Should Be Special,12.0,23.0,Fall 2023,2023-10-08,2023-12-24,['Arvo Animation'],Web manga,"['Action', 'Fantasy']","['School', 'Time Travel']",,PG-13 - Teens 13 or older,7.1,29003.0,78029,2023-12-31 17:00:23.828195
Kanojo mo Kanojo Season 2,"Girlfriend, Girlfriend Season 2",12.0,24.0,Fall 2023,2023-10-07,2023-12-23,['SynergySP'],Manga,"['Comedy', 'Romance']","['Harem', 'School']",Shounen,PG-13 - Teens 13 or older,7.02,22588.0,77589,2023-12-31 17:00:29.664107
"Konyaku Haki sareta Reijou wo Hirotta Ore ga, Ikenai Koto wo Oshiekomu",I'm Giving the Disgraced Noble Lady I Rescued a Crash Course in Naughtiness,12.0,23.0,Fall 2023,2023-10-04,2023-12-20,"['Zero-G', 'Digital Network Animation']",Light novel,"['Comedy', 'Fantasy', 'Romance']",,,PG-13 - Teens 13 or older,7.2,22864.0,76512,2023-12-31 17:00:35.899003
Hikikomari Kyuuketsuki no Monmon,The Vexations of a Shut-In Vampire Princess,12.0,23.0,Fall 2023,2023-10-07,2023-12-30,['Project No.9'],Light novel,"['Comedy', 'Fantasy']",['Vampire'],,PG-13 - Teens 13 or older,7.31,15500.0,75743,2023-12-31 17:00:41.750499
Mahoutsukai no Yome Season 2 Part 2,The Ancient Magus' Bride Season 2 Part 2,12.0,24.0,Fall 2023,2023-10-05,2023-12-21,['Studio Kafka'],Manga,"['Drama', 'Fantasy', 'Romance']","['Mythology', 'School']",Shounen,PG-13 - Teens 13 or older,7.85,18956.0,70887,2023-12-31 17:00:47.720191
Seijo no Maryoku wa Bannou desu Season 2,The Saint's Magic Power is Omnipotent Season 2,12.0,23.0,Fall 2023,2023-10-03,2023-12-19,['Diomedéa'],Light novel,"['Fantasy', 'Romance']","['Isekai', 'Medical']",,PG-13 - Teens 13 or older,7.4,17279.0,64801,2023-12-31 17:00:53.650534
Boukensha ni Naritai to Miyako ni Deteitta Musume ga S-Rank ni Natteta,My Daughter Left the Nest and Returned an S-Rank Adventurer,13.0,23.0,Fall 2023,2023-09-28,2023-12-21,['Typhoon Graphics'],Light novel,"['Action', 'Adventure', 'Fantasy']",,,PG-13 - Teens 13 or older,6.79,20840.0,61422,2023-12-31 17:00:59.672905
Ojou to Banken-kun,A Girl & Her Guard Dog,13.0,23.0,Fall 2023,2023-09-29,2023-12-22,['Project No.9'],Manga,['Romance'],['School'],Shoujo,PG-13 - Teens 13 or older,5.67,14564.0,57934,2023-12-31 17:01:05.700324
Toaru Ossan no VRMMO Katsudouki,A Playthrough of a Certain Dude's VRMMO Life,12.0,23.0,Fall 2023,2023-10-03,2023-12-19,['Maho Film'],Light novel,"['Action', 'Adventure', 'Comedy', 'Fantasy']",['Video Game'],,PG-13 - Teens 13 or older,6.39,20602.0,53450,2023-12-31 17:01:11.499837
Under Ninja,,12.0,24.0,Fall 2023,2023-10-06,2023-12-22,['Tezuka Productions'],Manga,['Action'],,Seinen,R - 17+ (violence & profanity),6.95,12589.0,52855,2023-12-31 17:01:17.541618
"Tearmoon Teikoku Monogatari: Dantoudai kara Hajimaru, Hime no Tensei Gyakuten Story",Tearmoon Empire,12.0,23.0,Fall 2023,2023-10-08,2023-12-24,['SILVER LINK.'],Light novel,"['Comedy', 'Fantasy']",['Time Travel'],,PG-13 - Teens 13 or older,7.3,18643.0,52031,2023-12-31 17:01:23.305510
Overtake!,,12.0,23.0,Fall 2023,2023-10-01,2023-12-17,['TROYCA'],Original,['Drama'],['Racing'],,PG-13 - Teens 13 or older,7.55,13809.0,50694,2023-12-31 17:01:29.441199
MF Ghost,,12.0,23.0,Fall 2023,2023-10-02,2023-12-18,['Felix Film'],Manga,,['Racing'],Seinen,PG-13 - Teens 13 or older,7.63,16606.0,50678,2023-12-31 17:01:35.433705
Migi to Dali,Migi & Dali,13.0,23.0,Fall 2023,2023-10-02,2023-12-25,"['Geek Toys', 'CompTown']",Manga,"['Comedy', 'Mystery', 'Suspense']",,Seinen,PG-13 - Teens 13 or older,7.79,13879.0,50276,2023-12-31 17:01:41.466870
Houkago Shounen Hanako-kun,After-School Hanako-kun,4.0,10.0,Fall 2023,2023-10-13,2023-11-03,['Lerche'],Web manga,"['Comedy', 'Supernatural']","['Parody', 'School']",,PG-13 - Teens 13 or older,7.03,11454.0,50158,2023-12-31 17:01:47.483498
Shy,Shy,12.0,23.0,Fall 2023,2023-10-03,2023-12-19,['8bit'],Manga,"['Action', 'Drama']",['Super Power'],Shounen,PG-13 - Teens 13 or older,6.76,13778.0,49423,2023-12-31 17:01:53.665684
Nanatsu no Taizai: Mokushiroku no Yonkishi,The Seven Deadly Sins: Four Knights of the Apocalypse,24.0,23.0,Fall 2023,2023-10-08,2024-03-31,['Telecom Animation Film'],Manga,"['Action', 'Adventure', 'Fantasy']",,Shounen,PG-13 - Teens 13 or older,7.18,3456.0,47505,2023-12-31 17:01:59.519976
Hoshikuzu Telepath,Stardust Telepath,12.0,23.0,Fall 2023,2023-10-09,2023-12-25,['Studio Gokumi'],4-koma manga,"['Comedy', 'Girls Love', 'Supernatural']","['CGDCT', 'School']",,PG-13 - Teens 13 or older,7.22,9188.0,43212,2023-12-31 17:02:05.714753
Dekoboko Majo no Oyako Jijou,The Family Circumstances of the Irregular Witch,12.0,23.0,Fall 2023,2023-10-01,2023-12-17,['A-Real'],4-koma manga,"['Comedy', 'Fantasy']",['Gag Humor'],,PG-13 - Teens 13 or older,6.81,11830.0,41650,2023-12-31 17:02:11.932728
16bit Sensation: Another Layer,16bit Sensation: Another Layer,13.0,23.0,Fall 2023,2023-10-05,2023-12-28,['Silver'],Web manga,"['Comedy', 'Sci-Fi', 'Supernatural']","['Adult Cast', 'Otaku Culture', 'Time Travel', 'Workplace']",,PG-13 - Teens 13 or older,6.99,12311.0,39906,2023-12-31 17:02:17.986478
Yuzuki-san Chi no Yonkyoudai.,The Yuzuki Family's Four Sons,12.0,23.0,Fall 2023,2023-10-05,2023-12-21,['Shuka'],Manga,['Slice of Life'],['School'],Shoujo,PG-13 - Teens 13 or older,7.89,10860.0,38749,2023-12-31 17:02:23.788713
Atarashii Joushi wa Do Tennen,My New Boss Is Goofy,12.0,23.0,Fall 2023,2023-10-07,2023-12-23,['A-1 Pictures'],Web manga,['Slice of Life'],"['Adult Cast', 'Iyashikei', 'Workplace']",,PG-13 - Teens 13 or older,8.05,10395.0,37397,2023-12-31 17:02:29.842582
Arknights: Touin Kiro,Arknights: Perish in Frost,8.0,23.0,Fall 2023,2023-10-07,2023-11-25,['Yostar Pictures'],Game,"['Action', 'Fantasy']",,,PG-13 - Teens 13 or older,7.58,8972.0,34996,2023-12-31 17:02:35.988236
Buta no Liver wa Kanetsu Shiro,Butareba -The Story of a Man Who Turned into a Pig-,12.0,24.0,Fall 2023,2023-10-08,,['Project No.9'],Light novel,"['Adventure', 'Fantasy']",['Isekai'],,PG-13 - Teens 13 or older,5.95,5948.0,32045,2023-12-31 17:02:42.137616
Paradox Live the Animation,,12.0,23.0,Fall 2023,2023-10-03,2023-12-26,['PINE JAM'],Mixed media,"['Drama', 'Sci-Fi']",['Music'],,PG-13 - Teens 13 or older,6.91,4730.0,31072,2023-12-31 17:02:48.045905
Potion-danomi de Ikinobimasu!,I Shall Survive Using Potions!,12.0,23.0,Fall 2023,2023-10-08,2023-12-24,['Jumondo'],Light novel,"['Adventure', 'Fantasy']","['Isekai', 'Reincarnation']",,PG-13 - Teens 13 or older,6.53,11136.0,29022,2023-12-31 17:02:53.819535
Bokura no Ame-iro Protocol,Protocol: Rain,12.0,23.0,Fall 2023,2023-10-08,2023-12-24,['Quad'],Original,['Action'],['Video Game'],,PG-13 - Teens 13 or older,6.13,6762.0,27477,2023-12-31 17:03:00.244013
Megumi no Daigo: Kyuukoku no Orange,Firefighter Daigo: Rescuer in Orange,24.0,23.0,Fall 2023,2023-09-30,2024-03-31,"[""Brain's Base""]",Manga,"['Action', 'Drama']",['Adult Cast'],Shounen,PG-13 - Teens 13 or older,6.7,3504.0,21906,2023-12-31 17:03:06.368223
Kamierabi,KamiErabi GOD.app,12.0,22.0,Fall 2023,2023-10-05,2023-12-21,['Unend'],Original,"['Action', 'Suspense']",['High Stakes Game'],,PG-13 - Teens 13 or older,5.78,4033.0,21157,2023-12-31 17:03:12.718658
FLCL: Shoegaze,,3.0,23.0,Fall 2023,2023-10-01,2023-10-15,"['Production I.G', 'Nut', 'Akatsuki']",Original,"['Action', 'Avant Garde', 'Comedy', 'Sci-Fi']","['Mecha', 'Parody']",,PG-13 - Teens 13 or older,6.17,2564.0,16701,2023-12-31 17:03:18.680298
Uma Musume: Pretty Derby Season 3,,13.0,23.0,Fall 2023,2023-10-05,2023-12-28,['Studio Kai'],Game,['Sports'],['Anthropomorphic'],,PG-13 - Teens 13 or older,7.61,4039.0,16190,2023-12-31 17:03:24.866536
Bullbuster,,12.0,23.0,Fall 2023,2023-10-04,2023-12-20,['Nut'],Mixed media,"['Action', 'Sci-Fi']","['Adult Cast', 'Mecha', 'Workplace']",,PG-13 - Teens 13 or older,6.14,2737.0,10685,2023-12-31 17:03:31.143303
Captain Tsubasa Season 2: Junior Youth-hen,Captain Tsubasa: Junior Youth Arc,39.0,22.0,Fall 2023,2023-10-01,,['Studio Kai'],Manga,['Sports'],['Team Sports'],Shounen,G - All Ages,7.38,1482.0,10273,2023-12-31 17:03:37.090875
The iDOLM@STER Million Live!,,12.0,24.0,Fall 2023,2023-10-08,2023-12-24,['Shirogumi'],Game,,"['Idols (Female)', 'Music']",,PG-13 - Teens 13 or older,6.93,1622.0,8973,2023-12-31 17:03:43.266006
Hypnosis Mic: Division Rap Battle - Rhyme Anima +,HYPNOSISMIC -Division Rap Battle- Rhyme Anima PLUS,13.0,23.0,Fall 2023,2023-10-07,2023-12-30,['A-1 Pictures'],Mixed media,['Sci-Fi'],"['Adult Cast', 'Music']",,R - 17+ (violence & profanity),6.91,1338.0,8879,2023-12-31 17:03:49.107974
Kibou no Chikara: Otona Precure '23,Power of Hope ~Precure Full Bloom~,12.0,25.0,Fall 2023,2023-10-07,2023-12-23,"['Toei Animation', 'Studio Deen']",Original,"['Action', 'Fantasy']","['Adult Cast', 'Mahou Shoujo']",,PG-13 - Teens 13 or older,6.72,1319.0,6525,2023-12-31 17:03:55.153449
Rail Romanesque 2,,13.0,3.0,Fall 2023,2023-10-06,2023-12-29,"['Yokohama Animation Lab', 'Cloud Hearts']",Visual novel,['Slice of Life'],,,PG-13 - Teens 13 or older,5.66,319.0,6076,2023-12-31 17:04:01.156771
Kawagoe Boys Sing,Kawagoe Boys Sing -Now or Never-,12.0,23.0,Fall 2023,2023-10-09,2024-02-05,['evg'],Original,['Slice of Life'],"['Music', 'School']",,PG-13 - Teens 13 or older,5.48,776.0,5615,2023-12-31 17:04:07.149953
B-Project: Netsuretsu*Love Call,B-Project: Passion*Love Call,12.0,23.0,Fall 2023,2023-10-02,2023-12-18,['Asahi Production'],Mixed media,,"['Idols (Male)', 'Music']",,PG-13 - Teens 13 or older,6.33,490.0,5037,2023-12-31 17:04:13.054690
Dog Signal,,20.0,25.0,Fall 2023,2023-10-22,,['Fugaku'],Manga,['Slice of Life'],"['Adult Cast', 'Pets', 'Workplace']",Josei,PG-13 - Teens 13 or older,6.24,445.0,4884,2023-12-31 17:04:18.790579
Kizuna no Allele Season 2,,12.0,22.0,Fall 2023,2023-10-05,2023-12-21,"['Wit Studio', 'Signal.MD']",Original,,"['Music', 'School']",,PG-13 - Teens 13 or older,5.69,954.0,3872,2023-12-31 17:04:24.981355
Bikkurimen,,12.0,23.0,Fall 2023,2023-10-05,2023-12-21,['Lesprit'],Other,"['Comedy', 'Fantasy']",,,PG-13 - Teens 13 or older,5.61,347.0,2747,2023-12-31 17:04:31.153104
Beyblade X,,,24.0,Fall 2023,2023-10-06,,['OLM'],Manga,"['Adventure', 'Sports']",,Kids,PG - Children,6.73,401.0,2112,2023-12-31 17:04:37.080145
Matsuinu,,12.0,3.0,Fall 2023,2023-10-07,2023-12-23,['Point Pictures'],Manga,,['Pets'],,G - All Ages,,,992,2023-12-31 17:04:42.837132
Ochibi-san,,24.0,5.0,Fall 2023,2023-10-08,,['Khara'],Manga,['Slice of Life'],,,G - All Ages,6.16,112.0,669,2023-12-31 17:04:48.649981
Shinobanai! Crypto Ninja Sakuya,,13.0,5.0,Fall 2023,2023-10-04,2023-12-27,['Fanworks'],Other,['Action'],,,G - All Ages,,,312,2023-12-31 17:04:54.271735
Sumikko Gurashi: Sorairo no Mainichi,,5.0,5.0,Fall 2023,2023-10-26,2023-11-05,['Fanworks'],Other,['Comedy'],,,G - All Ages,,,311,2023-12-31 17:05:00.098456
Chickip Dancers 3rd Season,,,5.0,Fall 2023,2023-09-25,,['Fanworks'],Original,['Slice of Life'],,,G - All Ages,,,275,2023-12-31 17:05:05.763746
Saekomdalkom Catch! Tiniping,,26.0,,Fall 2023,2023-09-22,,,Original,['Fantasy'],['Mahou Shoujo'],,PG - Children,,,268,2023-12-31 17:05:11.479897
Heart Cocktail Colorful: Fuyu-hen,,5.0,5.0,Fall 2023,2023-12-11,2023-12-15,,Original,['Romance'],,Seinen,PG-13 - Teens 13 or older,,,224,2023-12-31 17:05:17.138382
Zenryoku Usagi (2023),,,5.0,Fall 2023,2023-10-07,,['Rising Force'],Manga,['Comedy'],,Kids,G - All Ages,,,191,2023-12-31 17:05:22.716453
Shasha and Milo,,,,Fall 2023,2023-11-03,,,Original,"['Action', 'Adventure', 'Comedy']",['Super Power'],Kids,None,,,164,2023-12-31 17:05:28.420296
Riseman,,26.0,,Fall 2023,2023-10-18,,,Original,['Action'],['Super Power'],,G - All Ages,,,156,2023-12-31 17:05:34.095299
Cabeon,,,,Fall 2023,2023-09-02,,,Original,"['Action', 'Sci-Fi']",,Kids,PG - Children,,,148,2023-12-31 17:05:39.726150
Totonoe! Sakuma-kun by &sauna,,,5.0,Fall 2023,2023-11-12,,['Kachidoki Studio'],Original,['Slice of Life'],['Anthropomorphic'],,G - All Ages,,,121,2023-12-31 17:05:45.379086
Hero Inside,,,13.0,Fall 2023,2023-11-08,,,Original,"['Action', 'Adventure']",['Super Power'],,PG-13 - Teens 13 or older,,,116,2023-12-31 17:05:50.900272
Kkomimanyeo Lara Season 2,,,,Fall 2023,2023-10-14,,,Original,['Fantasy'],"['Mahou Shoujo', 'School']",Kids,PG - Children,,,104,2023-12-31 17:05:56.628901
Choeganggyeongchal Miniforce,,,11.0,Fall 2023,2023-11-28,,['SAMG Entertainment '],Original,['Action'],"['Anthropomorphic', 'Mecha']",Kids,PG - Children,,,92,2023-12-31 17:06:02.380472
Sinbi Apateu: Ghost Ball Zero - Du Beonjjae Iyagi,,,,Fall 2023,2023-11-30,,,Original,"['Fantasy', 'Supernatural']",,Kids,G - All Ages,,,89,2023-12-31 17:06:08.088373
Hello Carbot Season 14,,,11.0,Fall 2023,2023-11-05,,,Original,['Action'],"['Mecha', 'Racing']",Kids,PG - Children,,,76,2023-12-31 17:06:13.680922
Geomeongsupeul Jikyeola! Birdy Friends,,26.0,,Fall 2023,2023-11-23,2024-05-16,,Original,['Adventure'],,Kids,PG - Children,,,68,2023-12-31 17:06:19.358683
Mythteria 2nd Season,Mythteria 2nd Season,,12.0,Fall 2023,2023-11-27,,,Original,['Adventure'],,Kids,PG - Children,,,68,2023-12-31 17:06:24.890760
Maca and Roni 3,,,,Fall 2023,2023-10-28,,,Original,['Comedy'],,Kids,G - All Ages,,,41,2023-12-31 17:06:30.404276
Jujutsu Kaisen 2nd Season,Jujutsu Kaisen Season 2,23.0,23.0,Summer 2023,2023-07-06,2023-12-28,['MAPPA'],Manga,"['Action', 'Fantasy']",['School'],Shounen,R - 17+ (violence & profanity),8.92,253704.0,741805,2023-12-31 17:06:36.528403
Mushoku Tensei II: Isekai Ittara Honki Dasu,Mushoku Tensei: Jobless Reincarnation Season 2,12.0,23.0,Summer 2023,2023-07-10,2023-09-25,['Studio Bind'],Light novel,"['Adventure', 'Drama', 'Fantasy', 'Ecchi']","['Isekai', 'Reincarnation']",,R - 17+ (violence & profanity),8.3,235818.0,476538,2023-12-31 17:06:42.692715
Zom 100: Zombie ni Naru made ni Shitai 100 no Koto,Zom 100: Bucket List of the Dead,12.0,24.0,Summer 2023,2023-07-09,2023-12-26,['BUG FILMS'],Manga,"['Action', 'Comedy', 'Horror', 'Supernatural', 'Suspense']","['Adult Cast', 'Survival']",Seinen,R - 17+ (violence & profanity),7.98,137938.0,441434,2023-12-31 17:06:48.815380
Horimiya: Piece,Horimiya: The Missing Pieces,13.0,23.0,Summer 2023,2023-07-01,2023-09-23,['CloverWorks'],Manga,['Romance'],['School'],Shounen,PG-13 - Teens 13 or older,8.22,105258.0,279480,2023-12-31 17:06:54.725907
Watashi no Shiawase na Kekkon,My Happy Marriage,12.0,23.0,Summer 2023,2023-07-05,2023-09-20,['Kinema Citrus'],Novel,"['Drama', 'Fantasy', 'Romance']","['Adult Cast', 'Historical']",,PG-13 - Teens 13 or older,7.81,106676.0,236732,2023-12-31 17:07:00.565602
Bleach: Sennen Kessen-hen - Ketsubetsu-tan,Bleach: Thousand-Year Blood War - The Separation,13.0,24.0,Summer 2023,2023-07-08,2023-09-30,['Pierrot'],Manga,"['Action', 'Adventure', 'Fantasy']",,Shounen,R - 17+ (violence & profanity),8.71,113951.0,236128,2023-12-31 17:07:06.324733
Masamune-kun no Revenge R,Masamune-kun's Revenge R,12.0,23.0,Summer 2023,2023-07-03,2023-09-18,['SILVER LINK.'],Manga,"['Comedy', 'Romance']","['Harem', 'School']",Shounen,PG-13 - Teens 13 or older,7.24,59499.0,182367,2023-12-31 17:07:12.364647
Suki na Ko ga Megane wo Wasureta,The Girl I Like Forgot Her Glasses,13.0,23.0,Summer 2023,2023-07-04,2023-09-26,['GoHands'],Manga,['Comedy'],"['Romantic Subtext', 'School']",Shounen,PG-13 - Teens 13 or older,7.14,59991.0,171388,2023-12-31 17:07:18.218186
Bungou Stray Dogs 5th Season,Bungo Stray Dogs 5,11.0,23.0,Summer 2023,2023-07-12,2023-09-20,['Bones'],Manga,"['Action', 'Mystery', 'Supernatural']","['Adult Cast', 'Detective', 'Organized Crime', 'Super Power', 'Vampire']",Seinen,R - 17+ (violence & profanity),8.66,62165.0,155018,2023-12-31 17:07:24.157984
"Kanojo, Okarishimasu 3rd Season",Rent-a-Girlfriend Season 3,12.0,23.0,Summer 2023,2023-07-08,2023-09-30,['TMS Entertainment'],Manga,"['Comedy', 'Romance']","['Adult Cast', 'Harem']",Shounen,PG-13 - Teens 13 or older,7.07,57714.0,150939,2023-12-31 17:07:30.172330
Nanatsu no Maken ga Shihai suru,Reign of the Seven Spellblades,15.0,23.0,Summer 2023,2023-07-08,2023-10-14,['J.C.Staff'],Light novel,"['Action', 'Fantasy']",['School'],,PG-13 - Teens 13 or older,6.6,46278.0,132808,2023-12-31 17:07:36.471235
"Jitsu wa Ore, Saikyou deshita?",Am I Actually the Strongest?,12.0,23.0,Summer 2023,2023-07-02,2023-10-01,['Staple Entertainment'],Light novel,"['Adventure', 'Fantasy']","['Isekai', 'Reincarnation']",,PG-13 - Teens 13 or older,6.51,61231.0,132431,2023-12-31 17:07:42.484687
Liar Liar,,12.0,23.0,Summer 2023,2023-07-08,2023-09-23,['Geek Toys'],Light novel,['Suspense'],"['Psychological', 'School', 'Strategy Game']",,PG-13 - Teens 13 or older,6.32,46317.0,130690,2023-12-31 17:07:48.632921
Yumemiru Danshi wa Genjitsushugisha,The Dreaming Boy is a Realist,12.0,23.0,Summer 2023,2023-07-04,2023-09-19,"['Studio Gokumi', 'AXsiZ']",Light novel,"['Comedy', 'Romance']",['School'],,PG-13 - Teens 13 or older,6.62,54768.0,126988,2023-12-31 17:07:54.472980
Undead Girl Murder Farce,Undead Murder Farce,13.0,22.0,Summer 2023,2023-07-06,2023-09-28,['Lapin Track'],Novel,"['Fantasy', 'Mystery']","['Adult Cast', 'Detective', 'Historical', 'Vampire']",,R - 17+ (violence & profanity),7.91,50672.0,126483,2023-12-31 17:08:00.414341
Hataraku Maou-sama!! 2nd Season,The Devil is a Part-Timer! Season 2 (Sequel),12.0,23.0,Summer 2023,2023-07-13,2023-09-28,['Studio 3Hz'],Light novel,"['Comedy', 'Fantasy']","['Mythology', 'Romantic Subtext', 'Workplace']",,PG-13 - Teens 13 or older,6.66,32412.0,118084,2023-12-31 17:08:06.447149
Jidou Hanbaiki ni Umarekawatta Ore wa Meikyuu wo Samayou,"Reborn as a Vending Machine, I Now Wander the Dungeon",12.0,23.0,Summer 2023,2023-07-05,2023-09-20,"['Studio Gokumi', 'AXsiZ']",Light novel,"['Comedy', 'Fantasy']","['Isekai', 'Reincarnation']",,PG-13 - Teens 13 or older,6.53,52860.0,115000,2023-12-31 17:08:12.171428
Dark Gathering,Dark Gathering,25.0,23.0,Summer 2023,2023-07-10,2023-12-25,['OLM'],Manga,"['Horror', 'Supernatural']",['Gore'],Shounen,R - 17+ (violence & profanity),7.81,25586.0,110742,2023-12-31 17:08:18.005546
Rurouni Kenshin: Meiji Kenkaku Romantan (2023),,24.0,22.0,Summer 2023,2023-07-07,2023-12-15,['LIDENFILMS'],Manga,['Action'],"['Historical', 'Samurai']",Shounen,PG-13 - Teens 13 or older,7.62,28890.0,104721,2023-12-31 17:08:23.755804
Eiyuu Kyoushitsu,Classroom for Heroes,12.0,23.0,Summer 2023,2023-07-09,2023-09-24,['Actas'],Light novel,"['Action', 'Fantasy', 'Ecchi']","['Harem', 'School']",,PG-13 - Teens 13 or older,6.07,34493.0,98622,2023-12-31 17:08:29.818837
Level 1 dakedo Unique Skill de Saikyou desu,My Unique Skill Makes Me OP Even at Level 1,12.0,23.0,Summer 2023,2023-07-08,2023-09-23,['Maho Film'],Light novel,['Fantasy'],"['Harem', 'Isekai', 'Reincarnation']",,PG-13 - Teens 13 or older,6.24,44244.0,95849,2023-12-31 17:08:35.602884
Uchi no Kaisha no Chiisai Senpai no Hanashi,My Tiny Senpai,12.0,23.0,Summer 2023,2023-07-02,2023-10-01,['Project No.9'],Web manga,"['Comedy', 'Romance']","['Adult Cast', 'Workplace']",,PG-13 - Teens 13 or older,6.91,31933.0,92516,2023-12-31 17:08:41.525456
"Seija Musou: Salaryman, Isekai de Ikinokoru Tame ni Ayumu Michi",The Great Cleric,12.0,24.0,Summer 2023,2023-07-07,2023-09-29,"['Yokohama Animation Lab', 'Cloud Hearts']",Light novel,"['Comedy', 'Fantasy']","['Isekai', 'Reincarnation']",,PG-13 - Teens 13 or older,7.09,45988.0,88535,2023-12-31 17:08:47.849384
Dekiru Neko wa Kyou mo Yuuutsu,The Masterful Cat Is Depressed Again Today,13.0,23.0,Summer 2023,2023-07-08,2023-09-30,['GoHands'],Web manga,"['Comedy', 'Supernatural']","['Adult Cast', 'Anthropomorphic']",,PG-13 - Teens 13 or older,7.68,31658.0,87961,2023-12-31 17:08:53.834228
Helck,Helck,24.0,22.0,Summer 2023,2023-07-12,2023-12-20,['Satelight'],Web manga,"['Action', 'Fantasy']",,,PG-13 - Teens 13 or older,7.26,24949.0,80442,2023-12-31 17:08:59.949974
Temple,TenPuru: No One Can Live on Loneliness,12.0,24.0,Summer 2023,2023-07-09,2023-09-24,['Gekkou'],Web manga,"['Comedy', 'Romance', 'Ecchi']",['Harem'],,PG-13 - Teens 13 or older,6.73,30900.0,80366,2023-12-31 17:09:06.080375
Higeki no Genkyou to Naru Saikyou Gedou Last Boss Joou wa Tami no Tame ni Tsukushimasu.,The Most Heretical Last Boss Queen: From Villainess to Savior,12.0,23.0,Summer 2023,2023-07-07,2023-09-22,['OLM Team Yoshioka'],Light novel,['Fantasy'],"['Isekai', 'Reincarnation']",Josei,PG-13 - Teens 13 or older,7.09,30661.0,73593,2023-12-31 17:09:12.351278
Shinigami Bocchan to Kuro Maid 2nd Season,The Duke of Death and His Maid Season 2,12.0,23.0,Summer 2023,2023-07-09,2023-09-24,['J.C.Staff'],Web manga,"['Comedy', 'Supernatural']",['Romantic Subtext'],,PG-13 - Teens 13 or older,7.58,19915.0,71570,2023-12-31 17:09:18.217499
Okashi na Tensei,Sweet Reincarnation,12.0,23.0,Summer 2023,2023-07-04,2023-09-19,['SynergySP'],Light novel,['Fantasy'],"['Isekai', 'Reincarnation']",,PG-13 - Teens 13 or older,6.71,34445.0,70267,2023-12-31 17:09:24.200314
Shiro Seijo to Kuro Bokushi,Saint Cecilia and Pastor Lawrence,12.0,23.0,Summer 2023,2023-07-13,2023-09-28,['Doga Kobo'],4-koma manga,"['Fantasy', 'Romance']",,Shounen,PG-13 - Teens 13 or older,7.36,22621.0,66545,2023-12-31 17:09:30.313903
Lv1 Maou to One Room Yuusha,Level 1 Demon Lord and One Room Hero,12.0,23.0,Summer 2023,2023-07-03,2023-09-18,"['SILVER LINK.', 'Blade']",Web manga,"['Comedy', 'Fantasy']",,,PG-13 - Teens 13 or older,7.2,25587.0,61843,2023-12-31 17:09:36.262645
Ryza no Atelier: Tokoyami no Joou to Himitsu no Kakurega,Atelier Ryza: Ever Darkness & the Secret Hideout The Animation,12.0,26.0,Summer 2023,2023-07-02,2023-09-17,['LIDENFILMS'],Game,"['Adventure', 'Fantasy']",,,PG-13 - Teens 13 or older,6.44,17380.0,60743,2023-12-31 17:09:42.266122
Sugar Apple Fairy Tale Part 2,,12.0,22.0,Summer 2023,2023-07-07,2023-09-22,['J.C.Staff'],Light novel,"['Adventure', 'Drama', 'Fantasy', 'Romance']",['Visual Arts'],Shoujo,PG-13 - Teens 13 or older,7.63,18751.0,49119,2023-12-31 17:09:48.470273
AI no Idenshi,The Gene of AI,12.0,24.0,Summer 2023,2023-07-08,2023-09-30,['Madhouse'],Manga,"['Drama', 'Sci-Fi', 'Suspense']",['Psychological'],Shounen,PG-13 - Teens 13 or older,6.57,12439.0,40994,2023-12-31 17:09:54.247785
Ayaka,Ayaka: A Story of Bonds and Wounds,12.0,23.0,Summer 2023,2023-07-02,2023-09-17,['Studio Blanc.'],Original,['Fantasy'],['Mythology'],,PG-13 - Teens 13 or older,6.44,11678.0,39329,2023-12-31 17:10:00.096302
Spy Kyoushitsu 2nd Season,Spy Classroom Season 2,12.0,23.0,Summer 2023,2023-07-13,2023-09-28,['feel.'],Light novel,"['Action', 'Fantasy', 'Mystery']",,,PG-13 - Teens 13 or older,7.15,12064.0,36670,2023-12-31 17:10:05.855534
Genjitsu no Yohane: Sunshine in the Mirror,Yohane the Parhelion: Sunshine in the Mirror,13.0,23.0,Summer 2023,2023-07-02,2023-09-24,['Sunrise'],Other,['Fantasy'],"['Idols (Female)', 'Music']",,PG-13 - Teens 13 or older,6.91,9795.0,34996,2023-12-31 17:10:11.920686
Synduality: Noir,,12.0,24.0,Summer 2023,2023-07-11,2023-09-26,['8bit'],Mixed media,"['Action', 'Sci-Fi']",['Mecha'],,PG-13 - Teens 13 or older,6.74,8482.0,32427,2023-12-31 17:10:17.900323
Mononogatari 2nd Season,Malevolent Spirits: Mononogatari 2nd Season,12.0,23.0,Summer 2023,2023-07-04,2023-09-19,['Bandai Namco Pictures'],Manga,"['Action', 'Fantasy']","['Adult Cast', 'Mythology']",Seinen,PG-13 - Teens 13 or older,7.34,12026.0,30583,2023-12-31 17:10:24.174700
FLCL: Grunge,,3.0,24.0,Summer 2023,2023-09-10,2023-09-24,['MontBlanc Pictures'],Original,"['Action', 'Avant Garde', 'Comedy', 'Sci-Fi']","['Mecha', 'Parody']",,PG-13 - Teens 13 or older,4.71,3126.0,30531,2023-12-31 17:10:30.165604
BanG Dream! It's MyGO!!!!!,,13.0,24.0,Summer 2023,2023-06-29,2023-09-14,['SANZIGEN'],Mixed media,,['Music'],,PG-13 - Teens 13 or older,8.24,6354.0,14808,2023-12-31 17:10:36.157186
Yami Shibai 11,,13.0,4.0,Summer 2023,2023-07-10,2023-10-02,['ILCA'],Original,"['Avant Garde', 'Horror', 'Supernatural']",,,PG-13 - Teens 13 or older,5.75,1740.0,5799,2023-12-31 17:10:42.111530
Hyakushou Kizoku,,12.0,4.0,Summer 2023,2023-07-07,2023-09-22,['Pie in the sky'],Manga,['Comedy'],,Shoujo,PG-13 - Teens 13 or older,6.67,1222.0,3616,2023-12-31 17:10:48.098938
Cardfight!! Vanguard: will+Dress Season 3,,13.0,24.0,Summer 2023,2023-07-08,2023-10-07,"['Kinema Citrus', 'GIFTanimation', 'Studio Jemi']",Original,['Action'],['Strategy Game'],,PG-13 - Teens 13 or older,6.54,668.0,2567,2023-12-31 17:10:53.965779
Shadowverse Flame: Seven Shadows-hen,,25.0,23.0,Summer 2023,2023-07-08,2023-12-23,['Zexcs'],Card game,['Fantasy'],['Strategy Game'],,PG-13 - Teens 13 or older,6.79,393.0,2346,2023-12-31 17:10:59.842289
Nanashi Kaidan (2023),,5.0,6.0,Summer 2023,2023-08-07,2023-08-11,,Original,['Horror'],,,G - All Ages,,,2112,2023-12-31 17:11:05.884113
Ikimono-san,,12.0,2.0,Summer 2023,2023-07-08,2023-09-30,['New Deer'],Other,"['Avant Garde', 'Comedy']",,,G - All Ages,5.82,137.0,976,2023-12-31 17:11:11.704884
Sylvanian Families: Freya no Go for Dream!,,13.0,11.0,Summer 2023,2023-07-06,2023-10-05,['LandQ studios'],Other,['Slice of Life'],,Kids,G - All Ages,,,264,2023-12-31 17:11:17.449411
Balala Xiao Mo Xian: Xing Yuan Die Qi 1,Balala The Fairies: Star Fate Butterfly Awakening,26.0,13.0,Summer 2023,2023-08-11,2023-08-23,,Original,['Fantasy'],['Mahou Shoujo'],,PG - Children,,,162,2023-12-31 17:11:23.161564
Dino Powers 2,,26.0,11.0,Summer 2023,2023-07-20,,,Original,['Action'],['Mecha'],Kids,PG - Children,,,118,2023-12-31 17:11:28.899397
Supertrons,Supertrons,13.0,13.0,Summer 2023,2023-08-10,2023-11-16,,Other,"['Action', 'Sci-Fi']",['Mecha'],Kids,PG - Children,,,110,2023-12-31 17:11:34.636719
Shenqi Tushu Guan,,,12.0,Summer 2023,2023-08-25,,,Original,"['Adventure', 'Fantasy', 'Sci-Fi']",,Kids,G - All Ages,,,106,2023-12-31 17:11:40.576656
Space Donguibogam 2,,13.0,25.0,Summer 2023,2023-08-09,2023-11-15,,Original,['Adventure'],,Kids,PG - Children,,,99,2023-12-31 17:11:46.233170
Dinoster: Gonglyongsuhodae,Dinoster,,12.0,Summer 2023,2023-08-28,,,Original,"['Action', 'Comedy', 'Sci-Fi']",['Mecha'],,PG-13 - Teens 13 or older,,,95,2023-12-31 17:11:51.885122
Rainbow Bubblegem,Rainbow Bubblegem,26.0,11.0,Summer 2023,2023-08-30,2023-11-30,,Original,['Fantasy'],,Kids,PG - Children,,,92,2023-12-31 17:11:57.575891
Heart Cocktail Colorful: Natsu-hen,,5.0,5.0,Summer 2023,2023-07-31,2023-08-04,,Original,['Romance'],,Seinen,PG-13 - Teens 13 or older,,,91,2023-12-31 17:12:03.220013
Porong Porong Pororo 8,,26.0,11.0,Summer 2023,2023-08-28,2023-11-21,,Original,,,Kids,G - All Ages,,,85,2023-12-31 17:12:08.844157
Kimetsu no Yaiba: Katanakaji no Sato-hen,Demon Slayer: Kimetsu no Yaiba Swordsmith Village Arc,11.0,28.0,Spring 2023,2023-04-09,2023-06-18,['ufotable'],Manga,"['Action', 'Fantasy']",['Historical'],Shounen,R - 17+ (violence & profanity),8.28,408640.0,740726,2023-12-31 17:12:14.757128
"""Oshi no Ko""",[Oshi No Ko],11.0,30.0,Spring 2023,2023-04-12,2023-06-28,['Doga Kobo'],Manga,"['Drama', 'Supernatural']","['Reincarnation', 'Showbiz']",Seinen,PG-13 - Teens 13 or older,8.72,410577.0,713559,2023-12-31 17:12:20.706378
Jigokuraku,Hell's Paradise,13.0,24.0,Spring 2023,2023-04-01,2023-07-01,['MAPPA'],Manga,"['Action', 'Adventure', 'Fantasy']","['Gore', 'Historical', 'Samurai']",Shounen,R - 17+ (violence & profanity),8.13,311520.0,614543,2023-12-31 17:12:26.633122
Dr. Stone: New World,,11.0,24.0,Spring 2023,2023-04-06,2023-06-15,['TMS Entertainment'],Manga,"['Adventure', 'Comedy', 'Sci-Fi']",['Time Travel'],Shounen,PG-13 - Teens 13 or older,8.15,171724.0,423474,2023-12-31 17:12:32.785632
Tengoku Daimakyou,Heavenly Delusion,13.0,23.0,Spring 2023,2023-04-01,2023-06-24,['Production I.G'],Manga,"['Adventure', 'Mystery', 'Sci-Fi']",['Survival'],Seinen,R - 17+ (violence & profanity),8.21,183399.0,416420,2023-12-31 17:12:39.131592
Mashle,Mashle: Magic and Muscles,12.0,23.0,Spring 2023,2023-04-08,2023-07-01,['A-1 Pictures'],Manga,"['Action', 'Comedy', 'Fantasy']","['Gag Humor', 'Parody', 'School']",Shounen,PG-13 - Teens 13 or older,7.56,208733.0,413438,2023-12-31 17:12:45.161050
Yamada-kun to Lv999 no Koi wo Suru,My Love Story with Yamada-kun at Lv999,13.0,23.0,Spring 2023,2023-04-02,2023-06-25,['Madhouse'],Web manga,['Romance'],['Video Game'],,PG-13 - Teens 13 or older,7.83,175824.0,358491,2023-12-31 17:12:51.388917
Kono Subarashii Sekai ni Bakuen wo!,KonoSuba: An Explosion on This Wonderful World!,12.0,23.0,Spring 2023,2023-04-06,2023-06-22,['Drive'],Light novel,"['Comedy', 'Fantasy']",,,PG-13 - Teens 13 or older,7.49,109690.0,292250,2023-12-31 17:12:57.796301
"Isekai de Cheat Skill wo Te ni Shita Ore wa, Genjitsu Sekai wo mo Musou Suru: Level Up wa Jinsei wo Kaeta","I Got a Cheat Skill in Another World and Became Unrivaled in The Real World, Too",13.0,24.0,Spring 2023,2023-04-07,2023-06-30,['Millepensee'],Light novel,"['Action', 'Adventure', 'Fantasy']","['Isekai', 'School']",,PG-13 - Teens 13 or older,6.35,139870.0,265780,2023-12-31 17:13:03.965891
Skip to Loafer,Skip and Loafer,12.0,23.0,Spring 2023,2023-04-04,2023-06-20,['P.A. Works'],Manga,['Drama'],['School'],Seinen,PG-13 - Teens 13 or older,8.13,103234.0,229861,2023-12-31 17:13:09.969385
Tonikaku Kawaii 2nd Season,TONIKAWA: Over The Moon For You Season 2,12.0,23.0,Spring 2023,2023-04-08,2023-06-24,['Seven Arcs'],Manga,"['Comedy', 'Romance']",,Shounen,PG-13 - Teens 13 or older,7.58,68027.0,229338,2023-12-31 17:13:15.925956
Boku no Kokoro no Yabai Yatsu,The Dangers in My Heart,12.0,23.0,Spring 2023,2023-04-02,2023-06-18,['Shin-Ei Animation'],Manga,"['Comedy', 'Romance']",['School'],Shounen,PG-13 - Teens 13 or older,8.23,108615.0,228325,2023-12-31 17:13:21.799941
Dead Mount Death Play,,12.0,23.0,Spring 2023,2023-04-11,2023-06-27,['Geek Toys'],Manga,"['Action', 'Fantasy', 'Supernatural']",['Reincarnation'],Seinen,R - 17+ (violence & profanity),7.31,84427.0,202063,2023-12-31 17:13:27.821690
Kimi wa Houkago Insomnia,Insomniacs After School,13.0,23.0,Spring 2023,2023-04-11,2023-07-04,['LIDENFILMS'],Manga,['Romance'],['School'],Seinen,PG-13 - Teens 13 or older,8.07,68819.0,189554,2023-12-31 17:13:33.893856
Mahoutsukai no Yome Season 2,The Ancient Magus' Bride Season 2,12.0,24.0,Spring 2023,2023-04-06,2023-06-22,['Studio Kafka'],Manga,"['Drama', 'Fantasy', 'Romance']","['Mythology', 'School']",Shounen,PG-13 - Teens 13 or older,7.74,48088.0,164612,2023-12-31 17:13:39.940853
Kaminaki Sekai no Kamisama Katsudou,KamiKatsu: Working for God in a Godless World,12.0,23.0,Spring 2023,2023-04-06,2023-07-06,['Studio Palette'],Manga,"['Action', 'Comedy', 'Fantasy']","['Isekai', 'Parody', 'Reincarnation']",Seinen,R - 17+ (violence & profanity),6.75,70501.0,163359,2023-12-31 17:13:46.100998
Tensei Kizoku no Isekai Boukenroku: Jichou wo Shiranai Kamigami no Shito,The Aristocrat's Otherworldly Adventure: Serving Gods Who Go Too Far,12.0,23.0,Spring 2023,2023-04-03,2023-06-19,"['Magic Bus', 'EMT Squared']",Light novel,"['Action', 'Fantasy', 'Romance']","['Harem', 'Isekai', 'Reincarnation']",,PG-13 - Teens 13 or older,6.67,75162.0,144645,2023-12-31 17:13:52.079042
Isekai Shoukan wa Nidome desu,Summoned to Another World for a Second Time,12.0,23.0,Spring 2023,2023-04-09,2023-06-25,['Studio Elle'],Light novel,"['Adventure', 'Comedy', 'Fantasy', 'Romance']","['Harem', 'Isekai']",,PG-13 - Teens 13 or older,5.66,51438.0,137717,2023-12-31 17:13:58.123067
Ousama Ranking: Yuuki no Takarabako,Ranking of Kings: The Treasure Chest of Courage,10.0,22.0,Spring 2023,2023-04-14,2023-06-16,['Wit Studio'],Web manga,"['Adventure', 'Fantasy']",,,PG-13 - Teens 13 or older,7.27,31487.0,128580,2023-12-31 17:14:04.285401
Otonari ni Ginga,A Galaxy Next Door,12.0,24.0,Spring 2023,2023-04-09,2023-06-25,['Asahi Production'],Manga,"['Romance', 'Supernatural']","['Childcare', 'Otaku Culture']",Seinen,PG-13 - Teens 13 or older,7.14,47019.0,126809,2023-12-31 17:14:10.545271
Kanojo ga Koushaku-tei ni Itta Riyuu,Why Raeliana Ended up at the Duke's Mansion,12.0,23.0,Spring 2023,2023-04-10,2023-06-26,['Typhoon Graphics'],Web manga,"['Fantasy', 'Romance']","['Isekai', 'Reincarnation']",,PG-13 - Teens 13 or older,7.5,52787.0,123850,2023-12-31 17:14:16.442371
Isekai wa Smartphone to Tomo ni. 2,In Another World With My Smartphone 2,12.0,23.0,Spring 2023,2023-04-03,2023-06-19,['J.C.Staff'],Light novel,"['Adventure', 'Comedy', 'Fantasy', 'Romance']","['Harem', 'Isekai', 'Reincarnation']",,PG-13 - Teens 13 or older,6.44,45829.0,121074,2023-12-31 17:14:22.778870
My Home Hero,,12.0,23.0,Spring 2023,2023-04-02,2023-06-18,['Tezuka Productions'],Manga,"['Drama', 'Suspense']","['Adult Cast', 'Organized Crime']",Seinen,R - 17+ (violence & profanity),7.05,41683.0,118919,2023-12-31 17:14:28.804046
Yuusha ga Shinda!,The Legendary Hero Is Dead!,12.0,23.0,Spring 2023,2023-04-07,2023-06-23,['LIDENFILMS'],Web manga,"['Action', 'Comedy', 'Fantasy', 'Ecchi']","['Harem', 'Parody']",,PG-13 - Teens 13 or older,6.63,44967.0,110729,2023-12-31 17:14:34.901698
Megami no Café Terrace,The Café Terrace and Its Goddesses,12.0,23.0,Spring 2023,2023-04-08,2023-06-24,['Tezuka Productions'],Manga,"['Comedy', 'Romance', 'Ecchi']","['Adult Cast', 'Harem']",Shounen,PG-13 - Teens 13 or older,7.32,43838.0,101312,2023-12-31 17:14:40.767158
Isekai One Turn Kill Neesan: Ane Douhan no Isekai Seikatsu Hajimemashita,My One-Hit Kill Sister,12.0,23.0,Spring 2023,2023-04-08,2023-06-24,['Gekkou'],Manga,"['Comedy', 'Fantasy']",['Isekai'],Seinen,PG-13 - Teens 13 or older,6.34,33279.0,91488,2023-12-31 17:14:46.562743
Kidou Senshi Gundam: Suisei no Majo Season 2,Mobile Suit Gundam: The Witch from Mercury Season 2,12.0,24.0,Spring 2023,2023-04-09,2023-07-02,['Sunrise'],Original,"['Action', 'Sci-Fi']","['Mecha', 'School', 'Space']",,R - 17+ (violence & profanity),7.96,43300.0,80822,2023-12-31 17:14:52.513072
Kuma Kuma Kuma Bear Punch!,,12.0,23.0,Spring 2023,2023-04-03,2023-06-19,['EMT Squared'],Light novel,"['Adventure', 'Comedy', 'Fantasy']",['Isekai'],,PG-13 - Teens 13 or older,7.27,25692.0,72230,2023-12-31 17:14:58.591463
Mahou Shoujo Magical Destroyers,Magical Destroyers,12.0,23.0,Spring 2023,2023-04-08,2023-06-24,['Bibury Animation Studios'],Original,"['Action', 'Fantasy']","['Mahou Shoujo', 'Otaku Culture', 'Psychological']",,PG-13 - Teens 13 or older,6.3,19500.0,67291,2023-12-31 17:15:04.745106
Niehime to Kemono no Ou,Sacrificial Princess and the King of Beasts,24.0,23.0,Spring 2023,2023-04-20,2023-09-28,['J.C.Staff'],Manga,"['Fantasy', 'Romance']",['Anthropomorphic'],Shoujo,PG-13 - Teens 13 or older,8.0,18006.0,63532,2023-12-31 17:15:11.016377
Edens Zero 2nd Season,,25.0,23.0,Spring 2023,2023-04-02,2023-10-01,['J.C.Staff'],Manga,"['Action', 'Adventure', 'Fantasy', 'Sci-Fi']",['Space'],Shounen,PG-13 - Teens 13 or older,7.42,14175.0,61937,2023-12-31 17:15:17.104307
Jijou wo Shiranai Tenkousei ga Guigui Kuru.,My Clueless First Friend,13.0,23.0,Spring 2023,2023-04-09,2023-07-02,['Studio Signpost'],Manga,['Comedy'],"['Romantic Subtext', 'School']",Shounen,PG-13 - Teens 13 or older,7.52,26870.0,60854,2023-12-31 17:15:23.086875
Edomae Elf,Otaku Elf,12.0,24.0,Spring 2023,2023-04-08,2023-06-24,['C2C'],Manga,"['Comedy', 'Supernatural']",,Shounen,PG-13 - Teens 13 or older,7.29,19900.0,55163,2023-12-31 17:15:29.239770
Ao no Orchestra,Blue Orchestra,24.0,25.0,Spring 2023,2023-04-09,2023-10-08,['Nippon Animation'],Web manga,['Drama'],"['Music', 'Performing Arts', 'School']",,PG-13 - Teens 13 or older,7.15,12778.0,53281,2023-12-31 17:15:35.091211
Watashi no Yuri wa Oshigoto desu!,Yuri is My Job!,12.0,23.0,Spring 2023,2023-04-06,2023-06-22,"['Passione', 'Studio Lings']",Manga,"['Comedy', 'Girls Love']",['Workplace'],,PG-13 - Teens 13 or older,6.7,17273.0,49742,2023-12-31 17:15:41.325202
Rokudou no Onna-tachi,Rokudo's Bad Girls,12.0,23.0,Spring 2023,2023-04-08,2023-06-24,['Satelight'],Manga,"['Comedy', 'Romance']","['Delinquents', 'Harem', 'School']",Shounen,PG-13 - Teens 13 or older,6.43,18306.0,45952,2023-12-31 17:15:47.655396
Kawaisugi Crisis,Too Cute Crisis,12.0,23.0,Spring 2023,2023-04-07,2023-06-23,['SynergySP'],Manga,"['Comedy', 'Sci-Fi']",['Pets'],Shounen,PG-13 - Teens 13 or older,6.83,12054.0,38363,2023-12-31 17:15:53.975750
Birdie Wing: Golf Girls' Story Season 2,,12.0,23.0,Spring 2023,2023-04-08,2023-06-24,['Bandai Namco Pictures'],Original,['Sports'],,,PG-13 - Teens 13 or older,7.61,12841.0,30964,2023-12-31 17:15:59.814835
Pokemon (2023),Pokémon Horizons: The Series,,24.0,Spring 2023,2023-04-14,,['OLM'],Game,"['Action', 'Adventure', 'Comedy', 'Fantasy']",,Kids,PG - Children,7.45,5016.0,25491,2023-12-31 17:16:05.661144
The Marginal Service,The Marginal Service,12.0,22.0,Spring 2023,2023-04-12,2023-06-28,['Studio 3Hz'],Original,"['Action', 'Sci-Fi']",['Adult Cast'],,PG-13 - Teens 13 or older,5.5,5650.0,20617,2023-12-31 17:16:11.759270
Kizuna no Allele,,12.0,23.0,Spring 2023,2023-04-04,2023-06-20,"['Wit Studio', 'Signal.MD']",Original,,"['Music', 'School']",,PG-13 - Teens 13 or older,5.29,3918.0,15937,2023-12-31 17:16:18.007660
The iDOLM@STER Cinderella Girls: U149,,12.0,24.0,Spring 2023,2023-04-06,2023-06-29,['CygamesPictures'],Web manga,,"['Idols (Female)', 'Music']",,PG-13 - Teens 13 or older,7.71,5499.0,13791,2023-12-31 17:16:23.874419
Tokyo Mew Mew New ♡ 2nd Season,,12.0,23.0,Spring 2023,2023-04-05,2023-06-21,"['Yumeta Company', 'Graphinica']",Manga,"['Fantasy', 'Romance', 'Sci-Fi']",['Mahou Shoujo'],Shoujo,PG-13 - Teens 13 or older,6.68,3511.0,13382,2023-12-31 17:16:29.827427
World Dai Star,Stella of the Theater: World Dai Star,12.0,24.0,Spring 2023,2023-04-09,2023-06-25,['Lerche'],Mixed media,,['Performing Arts'],,PG-13 - Teens 13 or older,7.35,4300.0,12598,2023-12-31 17:16:36.029427
Majutsushi Orphen Hagure Tabi: Seiiki-hen,Sorcerous Stabber Orphen -Doom of Dragon's Sanctuary-,12.0,23.0,Spring 2023,2023-04-12,2023-06-28,['Studio Deen'],Light novel,"['Action', 'Adventure', 'Drama', 'Fantasy']",['Martial Arts'],,PG-13 - Teens 13 or older,6.04,1799.0,9602,2023-12-31 17:16:42.071980
Alice Gear Aegis Expansion,,12.0,23.0,Spring 2023,2023-04-04,2023-06-20,['Nomad'],Game,"['Action', 'Sci-Fi']",,,PG-13 - Teens 13 or older,5.82,2441.0,9187,2023-12-31 17:16:47.996601
Opus.COLORs,,12.0,24.0,Spring 2023,2023-04-07,2023-06-23,['C-Station'],Original,['Sci-Fi'],"['School', 'Visual Arts']",,PG-13 - Teens 13 or older,5.76,1796.0,9014,2023-12-31 17:16:54.341814
"Mix: Meisei Story 2nd Season - Nidome no Natsu, Sora no Mukou e",MIX Season 2,24.0,23.0,Spring 2023,2023-04-01,2023-09-23,['OLM'],Manga,"['Drama', 'Romance', 'Sports']","['School', 'Team Sports']",Shounen,PG-13 - Teens 13 or older,6.97,1743.0,6899,2023-12-31 17:17:00.376139
Tousouchuu: Great Mission,Run For Money : The Great Mission,,23.0,Spring 2023,2023-04-02,,['Toei Animation'],Other,"['Sci-Fi', 'Suspense']",['High Stakes Game'],,PG-13 - Teens 13 or older,5.63,616.0,4535,2023-12-31 17:17:06.262647
Bosanimal,,96.0,1.0,Spring 2023,2023-04-03,2023-09-14,"['soket', 'maroyaka']",Original,,['Pets'],,G - All Ages,,,1021,2023-12-31 17:17:12.135342
Denden no Dennou Densha,,12.0,5.0,Spring 2023,2023-04-13,2023-06-29,['Studio HUIT'],Original,['Comedy'],,,PG-13 - Teens 13 or older,,,928,2023-12-31 17:17:17.862653
Chibi Godzilla no Gyakushuu,Chibi Godzilla Raids Again,13.0,2.0,Spring 2023,2023-04-01,2023-06-24,['Pie in the sky'],Original,['Fantasy'],,Kids,G - All Ages,6.64,188.0,677,2023-12-31 17:17:23.765652
YouTuNya,,15.0,1.0,Spring 2023,2023-04-04,2023-07-11,['Lesprit'],Original,['Comedy'],,,G - All Ages,,,592,2023-12-31 17:17:29.512120
Duel Masters Win: Duel Wars-hen,,,24.0,Spring 2023,2023-04-02,,"[""Brain's Base"", 'Shogakukan Music & Digital Entertainment']",Original,"['Action', 'Adventure', 'Comedy', 'Fantasy']",,Kids,G - All Ages,,,470,2023-12-31 17:17:35.311870
Gunma-chan Season 2,,13.0,24.0,Spring 2023,2023-04-08,2023-07-01,['Ascension'],Other,['Slice of Life'],,,G - All Ages,,,406,2023-12-31 17:17:40.994926
Sinbi Apateu: Ghost Ball Zero,,11.0,24.0,Spring 2023,2023-03-20,2023-06-15,,Original,"['Fantasy', 'Supernatural']",,Kids,G - All Ages,,,323,2023-12-31 17:17:46.613122
Mamekichi Mameko NEET no Nichijou 2nd Season,Mameko Mamekichi's NEET Everyday Life 2nd Season,39.0,1.0,Spring 2023,2023-05-17,2023-09-27,['Tezuka Productions'],Web manga,['Comedy'],,,PG-13 - Teens 13 or older,,,282,2023-12-31 17:17:52.474735
Sakuretsu! Amabie-hime. Season 2,,12.0,3.0,Spring 2023,2023-04-09,2023-06-24,['CANON RECORDINGS'],Original,['Comedy'],,,G - All Ages,,,282,2023-12-31 17:17:58.219028
Go! Go! Vehicle Zoo,,26.0,2.0,Spring 2023,2023-04-02,2023-12-24,"['OLM', 'Signal.MD']",Other,,['Anthropomorphic'],Kids,PG - Children,,,257,2023-12-31 17:18:04.045105
Oshiri Tantei 7th Season,,15.0,20.0,Spring 2023,2023-04-08,,['Toei Animation'],Picture book,"['Comedy', 'Fantasy', 'Mystery']",,Kids,PG - Children,,,251,2023-12-31 17:18:09.641725
Sore Shikanai Wakenai deshou,,,9.0,Spring 2023,2023-03-22,,['NHK Art'],Picture book,,,Kids,G - All Ages,,,218,2023-12-31 17:18:15.286619
Code Name X,Code Name X,26.0,11.0,Spring 2023,2023-04-08,2023-11-04,,Original,"['Action', 'Comedy', 'Mystery']",,Kids,PG - Children,,,105,2023-12-31 17:18:21.136906
Charging Topspinner,Charging Topspinner,26.0,13.0,Spring 2023,2023-05-13,2023-12-15,,Original,['Action'],['Strategy Game'],Kids,G - All Ages,,,103,2023-12-31 17:18:26.786357
Kkomimanyeo Lara,Komi Witch Lara,13.0,11.0,Spring 2023,2023-03-13,2023-06-12,,Original,['Fantasy'],"['Mahou Shoujo', 'School']",Kids,PG - Children,,,100,2023-12-31 17:18:32.436768
Hello Carbot Season 13,,26.0,11.0,Spring 2023,2023-04-30,2023-10-29,,Original,['Action'],"['Mecha', 'Racing']",Kids,PG - Children,,,88,2023-12-31 17:18:38.280728
Nabiui Moheom,,26.0,15.0,Spring 2023,2023-05-06,2023-10-28,,Manga,['Comedy'],['Pets'],Kids,G - All Ages,,,83,2023-12-31 17:18:44.117617
Metal Cardbot,Metal Cardbot,26.0,13.0,Spring 2023,2023-03-30,2023-09-13,,Other,"['Action', 'Sci-Fi']",,Kids,PG - Children,,,79,2023-12-31 17:18:49.916943
Shuwawan!,,,5.0,Spring 2023,2023-03-22,,['KOO-KI'],Original,['Slice of Life'],['Childcare'],,G - All Ages,,,73,2023-12-31 17:18:55.529214
Pantie Hero,Pantie Hero,26.0,11.0,Spring 2023,2023-04-25,2023-12-05,,Original,['Comedy'],,Kids,PG - Children,,,72,2023-12-31 17:19:01.260979
Nae Maeumeun Muji,,26.0,5.0,Spring 2023,2023-04-01,2023-05-13,,Original,['Comedy'],,Kids,PG - Children,,,69,2023-12-31 17:19:06.993165
Vinland Saga Season 2,Vinland Saga Season 2,24.0,25.0,Winter 2023,2023-01-10,2023-06-20,['MAPPA'],Manga,"['Action', 'Adventure', 'Drama']","['Gore', 'Historical']",Seinen,R - 17+ (violence & profanity),8.8,265654.0,546222,2023-12-31 17:19:13.100084
Tomo-chan wa Onnanoko!,Tomo-chan Is a Girl!,13.0,23.0,Winter 2023,2023-01-05,2023-03-30,['Lay-duce'],Web manga,"['Comedy', 'Romance']",['School'],,PG-13 - Teens 13 or older,7.81,183883.0,361029,2023-12-31 17:19:19.056438
Tokyo Revengers: Seiya Kessen-hen,Tokyo Revengers: Christmas Showdown,13.0,23.0,Winter 2023,2023-01-08,2023-04-02,['LIDENFILMS'],Manga,"['Action', 'Drama', 'Supernatural']","['Delinquents', 'Time Travel']",Shounen,R - 17+ (violence & profanity),7.68,133689.0,330614,2023-12-31 17:19:25.042433
"Maou Gakuin no Futekigousha: Shijou Saikyou no Maou no Shiso, Tensei shite Shison-tachi no Gakkou e Kayou II",The Misfit of Demon King Academy Ⅱ,12.0,23.0,Winter 2023,2023-01-08,2023-09-24,['SILVER LINK.'],Light novel,"['Action', 'Fantasy']","['Mythology', 'Reincarnation', 'School']",,R - 17+ (violence & profanity),6.92,77543.0,314789,2023-12-31 17:19:31.323688
Otonari no Tenshi-sama ni Itsunomanika Dame Ningen ni Sareteita Ken,The Angel Next Door Spoils Me Rotten,12.0,23.0,Winter 2023,2023-01-07,2023-03-25,['Project No.9'],Light novel,['Romance'],['School'],,PG-13 - Teens 13 or older,7.81,147321.0,281982,2023-12-31 17:19:37.459662
Bungou Stray Dogs 4th Season,Bungo Stray Dogs 4,13.0,23.0,Winter 2023,2023-01-04,2023-03-29,['Bones'],Manga,"['Action', 'Mystery', 'Supernatural']","['Adult Cast', 'Detective', 'Organized Crime', 'Super Power']",Seinen,R - 17+ (violence & profanity),8.45,95883.0,267149,2023-12-31 17:19:43.374272
"Ijiranaide, Nagatoro-san 2nd Attack","Don't Toy with Me, Miss Nagatoro 2nd Attack",12.0,23.0,Winter 2023,2023-01-08,2023-03-26,['OLM'],Web manga,['Comedy'],"['Romantic Subtext', 'School']",,PG-13 - Teens 13 or older,7.49,103820.0,266005,2023-12-31 17:19:49.578871
NieR:Automata Ver1.1a,,12.0,23.0,Winter 2023,2023-01-08,2023-07-23,['A-1 Pictures'],Game,"['Action', 'Fantasy', 'Sci-Fi']",,,PG-13 - Teens 13 or older,7.52,62792.0,262900,2023-12-31 17:19:55.376305
Buddy Daddies,,12.0,24.0,Winter 2023,2023-01-07,2023-04-01,['P.A. Works'],Original,"['Action', 'Comedy']","['Childcare', 'Organized Crime']",,PG-13 - Teens 13 or older,8.14,105888.0,247128,2023-12-31 17:20:01.536036
Itai no wa Iya nanode Bougyoryoku ni Kyokufuri Shitai to Omoimasu. 2,"BOFURI: I Don't Want to Get Hurt, so I'll Max Out My Defense. Season 2",12.0,23.0,Winter 2023,2023-01-11,2023-04-20,['SILVER LINK.'],Light novel,"['Action', 'Adventure', 'Comedy', 'Fantasy']",['Video Game'],,PG-13 - Teens 13 or older,7.2,69131.0,217517,2023-12-31 17:20:07.662709
Tondemo Skill de Isekai Hourou Meshi,Campfire Cooking in Another World with My Absurd Skill,12.0,23.0,Winter 2023,2023-01-11,2023-03-29,['MAPPA'],Light novel,"['Adventure', 'Comedy', 'Fantasy', 'Gourmet']",['Isekai'],,PG-13 - Teens 13 or older,7.67,105970.0,199974,2023-12-31 17:20:13.481871
Dungeon ni Deai wo Motomeru no wa Machigatteiru Darou ka IV: Fuka Shou - Yakusai-hen,Is It Wrong to Try to Pick Up Girls in a Dungeon? IV Part 2,11.0,24.0,Winter 2023,2023-01-07,2023-03-18,['J.C.Staff'],Light novel,"['Action', 'Adventure', 'Fantasy']",,,R - 17+ (violence & profanity),8.23,100112.0,194346,2023-12-31 17:20:19.345454
Koori Zokusei Danshi to Cool na Douryou Joshi,The Ice Guy and His Cool Female Colleague,12.0,23.0,Winter 2023,2023-01-04,2023-03-22,"['Zero-G', 'Liber']",Web manga,"['Comedy', 'Fantasy', 'Romance']","['Adult Cast', 'Mythology', 'Workplace']",,PG-13 - Teens 13 or older,7.33,75187.0,188688,2023-12-31 17:20:25.477604
Saikyou Onmyouji no Isekai Tenseiki,The Reincarnation of the Strongest Exorcist in Another World,13.0,23.0,Winter 2023,2023-01-07,2023-04-01,['Studio Blanc.'],Light novel,"['Action', 'Adventure', 'Fantasy']","['Isekai', 'Reincarnation']",,PG-13 - Teens 13 or older,7.17,99190.0,187436,2023-12-31 17:20:31.326220
Kubo-san wa Mob wo Yurusanai,Kubo Won't Let Me Be Invisible,12.0,24.0,Winter 2023,2023-01-10,2023-06-20,['PINE JAM'],Manga,"['Comedy', 'Romance']",['School'],Seinen,PG-13 - Teens 13 or older,7.57,67940.0,183778,2023-12-31 17:20:37.424272
Isekai Nonbiri Nouka,Farming Life in Another World,12.0,23.0,Winter 2023,2023-01-06,2023-03-24,['Zero-G'],Light novel,"['Fantasy', 'Slice of Life']",['Isekai'],,PG-13 - Teens 13 or older,7.57,93456.0,183447,2023-12-31 17:20:43.490012
Tensei Oujo to Tensai Reijou no Mahou Kakumei,The Magical Revolution of the Reincarnated Princess and the Genius Young Lady,12.0,23.0,Winter 2023,2023-01-04,2023-03-22,['Diomedéa'],Light novel,"['Fantasy', 'Girls Love']","['Isekai', 'Reincarnation']",,PG-13 - Teens 13 or older,7.49,83532.0,174095,2023-12-31 17:20:49.699126
Trigun Stampede,Trigun Stampede,12.0,23.0,Winter 2023,2023-01-07,2023-03-25,['Orange'],Manga,"['Action', 'Adventure', 'Sci-Fi']",['Adult Cast'],Shounen,PG-13 - Teens 13 or older,7.84,60442.0,165456,2023-12-31 17:20:55.694711
Ningen Fushin no Boukensha-tachi ga Sekai wo Sukuu you desu,Ningen Fushin: Adventurers Who Don't Believe in Humanity Will Save the World,12.0,23.0,Winter 2023,2023-01-10,2023-03-28,['Geek Toys'],Light novel,"['Action', 'Adventure', 'Fantasy']",,,PG-13 - Teens 13 or older,6.33,64691.0,154342,2023-12-31 17:21:01.522577
"Benriya Saitou-san, Isekai ni Iku",Handyman Saitou in Another World,12.0,23.0,Winter 2023,2023-01-08,2023-03-26,['C2C'],Web manga,"['Adventure', 'Comedy', 'Fantasy']",['Isekai'],,R - 17+ (violence & profanity),7.44,72295.0,152598,2023-12-31 17:21:07.588833
Kyokou Suiri Season 2,In/Spectre 2,12.0,25.0,Winter 2023,2023-01-09,2023-03-27,"[""Brain's Base""]",Manga,"['Mystery', 'Romance', 'Supernatural']","['Adult Cast', 'Mythology']",Shounen,R - 17+ (violence & profanity),7.35,40191.0,148752,2023-12-31 17:21:13.605223
Hyouken no Majutsushi ga Sekai wo Suberu,The Iceblade Sorcerer Shall Rule the World,12.0,24.0,Winter 2023,2023-01-06,2023-03-24,['Cloud Hearts'],Light novel,"['Action', 'Fantasy']",['School'],,PG-13 - Teens 13 or older,6.35,71351.0,146958,2023-12-31 17:21:19.508552
Spy Kyoushitsu,Spy Classroom,12.0,23.0,Winter 2023,2023-01-05,2023-03-30,['feel.'],Light novel,"['Action', 'Fantasy', 'Mystery']",,,PG-13 - Teens 13 or older,6.39,38954.0,138541,2023-12-31 17:21:25.243167
Oniichan wa Oshimai!,Onimai: I'm Now Your Sister!,12.0,23.0,Winter 2023,2023-01-05,2023-03-23,['Studio Bind'],Manga,['Comedy'],"['CGDCT', 'Magical Sex Shift', 'School']",Shounen,PG-13 - Teens 13 or older,7.68,63512.0,136115,2023-12-31 17:21:31.151737
"Eiyuuou, Bu wo Kiwameru Tame Tenseisu: Soshite, Sekai Saikyou no Minarai Kishi♀",Reborn to Master the Blade: From Hero-King to Extraordinary Squire ♀,12.0,23.0,Winter 2023,2023-01-10,2023-03-28,['Studio Comet'],Light novel,"['Action', 'Fantasy']",['Reincarnation'],,PG-13 - Teens 13 or older,6.56,61809.0,133391,2023-12-31 17:21:37.296440
Kaiko sareta Ankoku Heishi (30-dai) no Slow na Second Life,Chillin' in My 30s after Getting Fired from the Demon King's Army,12.0,23.0,Winter 2023,2023-01-07,2023-03-25,['Encourage Films'],Light novel,['Fantasy'],,,PG-13 - Teens 13 or older,7.04,65304.0,131626,2023-12-31 17:21:43.205961
Inu ni Nattara Suki na Hito ni Hirowareta.,My Life as Inukai-san's Dog.,12.0,12.0,Winter 2023,2023-01-07,2023-03-25,['Quad'],Web manga,"['Comedy', 'Ecchi']",,,R+ - Mild Nudity,5.08,42143.0,109125,2023-12-31 17:21:49.264295
Kami-tachi ni Hirowareta Otoko 2nd Season,By the Grace of the Gods 2,12.0,23.0,Winter 2023,2023-01-09,2023-03-27,['Maho Film'],Light novel,"['Fantasy', 'Slice of Life']","['Isekai', 'Reincarnation']",,PG-13 - Teens 13 or older,6.78,41326.0,104994,2023-12-31 17:21:55.388336
Sugar Apple Fairy Tale,,12.0,22.0,Winter 2023,2023-01-06,2023-03-24,['J.C.Staff'],Light novel,"['Adventure', 'Drama', 'Fantasy', 'Romance']",['Visual Arts'],Shoujo,PG-13 - Teens 13 or older,7.44,40161.0,100046,2023-12-31 17:22:02.286824
High Card,,12.0,23.0,Winter 2023,2023-01-09,2023-03-27,['Studio Hibari'],Mixed media,"['Action', 'Fantasy']","['Adult Cast', 'Organized Crime', 'Super Power']",,R - 17+ (violence & profanity),7.15,31445.0,97871,2023-12-31 17:22:08.456220
Shin Shinka no Mi: Shiranai Uchi ni Kachigumi Jinsei,"The Fruit of Evolution: Before I Knew It, My Life Had It Made Season 2",12.0,23.0,Winter 2023,2023-01-14,2023-04-01,['Hotline'],Light novel,"['Adventure', 'Fantasy', 'Romance']","['Harem', 'Isekai']",,PG-13 - Teens 13 or older,5.42,36099.0,91952,2023-12-31 17:22:14.611341
Tsundere Akuyaku Reijou Liselotte to Jikkyou no Endou-kun to Kaisetsu no Kobayashi-san,Endo and Kobayashi Live! The Latest on Tsundere Villainess Lieselotte,12.0,24.0,Winter 2023,2023-01-07,2023-03-25,['Tezuka Productions'],Light novel,"['Comedy', 'Fantasy', 'Romance']",['Video Game'],,PG-13 - Teens 13 or older,7.22,30784.0,83415,2023-12-31 17:22:21.057708
Rougo ni Sonaete Isekai de 8-manmai no Kinka wo Tamemasu,"Saving 80,000 Gold in Another World for My Retirement",12.0,23.0,Winter 2023,2023-01-08,2023-03-26,['Felix Film'],Light novel,['Fantasy'],['Isekai'],,PG-13 - Teens 13 or older,6.94,41132.0,82879,2023-12-31 17:22:27.398939
Revenger,,12.0,23.0,Winter 2023,2023-01-05,2023-03-23,['Ajia-do'],Original,"['Action', 'Drama', 'Mystery']","['Adult Cast', 'Historical', 'Organized Crime', 'Samurai']",,R - 17+ (violence & profanity),6.67,24773.0,73819,2023-12-31 17:22:33.584690
Ayakashi Triangle,,12.0,23.0,Winter 2023,2023-01-10,2023-09-26,['Connect'],Manga,"['Action', 'Comedy', 'Romance', 'Supernatural', 'Ecchi']","['Magical Sex Shift', 'Mythology']",Shounen,R+ - Mild Nudity,6.45,14891.0,64033,2023-12-31 17:22:39.659197
Mononogatari,Malevolent Spirits: Mononogatari,12.0,23.0,Winter 2023,2023-01-10,2023-03-28,['Bandai Namco Pictures'],Manga,"['Action', 'Fantasy']","['Adult Cast', 'Mythology']",Seinen,PG-13 - Teens 13 or older,7.26,21333.0,60628,2023-12-31 17:22:45.423282
Tsurune: Tsunagari no Issha,Tsurune - The Linking Shot -,13.0,23.0,Winter 2023,2023-01-05,2023-03-30,['Kyoto Animation'],Light novel,['Sports'],['School'],,PG-13 - Teens 13 or older,8.1,14247.0,51235,2023-12-31 17:22:51.479293
Ooyukiumi no Kaina,Kaina of the Great Snow Sea,11.0,22.0,Winter 2023,2023-01-12,2023-03-23,['Polygon Pictures'],Mixed media,"['Fantasy', 'Suspense']",['Survival'],,PG-13 - Teens 13 or older,6.66,13228.0,45920,2023-12-31 17:22:57.514021
Ars no Kyojuu,Giant Beasts of Ars,12.0,24.0,Winter 2023,2023-01-07,2023-03-25,['Asahi Production'],Original,"['Action', 'Adventure', 'Fantasy']",,,PG-13 - Teens 13 or older,6.09,12931.0,41634,2023-12-31 17:23:03.684902
Hikari no Ou,The Fire Hunter,10.0,24.0,Winter 2023,2023-01-14,2023-03-18,['Signal.MD'],Light novel,['Fantasy'],,,PG-13 - Teens 13 or older,6.37,11394.0,41418,2023-12-31 17:23:09.487728
Nokemono-tachi no Yoru,The Tale of Outcasts,13.0,23.0,Winter 2023,2023-01-08,2023-04-02,['Ashi Productions'],Manga,"['Action', 'Fantasy']","['Anthropomorphic', 'Historical']",Shounen,PG-13 - Teens 13 or older,6.59,11881.0,39062,2023-12-31 17:23:15.564158
The Legend of Heroes: Sen no Kiseki - Northern War,The Legend of Heroes: Trails of Cold Steel - Northern War,12.0,23.0,Winter 2023,2023-01-08,2023-03-26,['Tatsunoko Production'],Game,"['Action', 'Fantasy']",['Military'],,PG-13 - Teens 13 or older,5.66,8640.0,33830,2023-12-31 17:23:21.401478
Kyuuketsuki Sugu Shinu 2,The Vampire Dies in No Time Season 2,12.0,23.0,Winter 2023,2023-01-09,2023-03-27,['Madhouse'],Manga,"['Comedy', 'Supernatural']","['Adult Cast', 'Gag Humor', 'Vampire']",Shounen,PG-13 - Teens 13 or older,7.44,10807.0,31059,2023-12-31 17:23:27.284741
Pokemon: Mezase Pokemon Master,Pokémon: To Be a Pokémon Master,11.0,24.0,Winter 2023,2023-01-13,2023-03-24,['OLM'],Game,"['Action', 'Adventure', 'Comedy', 'Fantasy']",,Kids,PG - Children,7.56,9569.0,21649,2023-12-31 17:23:33.171586
Mou Ippon!,"""Ippon"" again!",13.0,23.0,Winter 2023,2023-01-09,2023-04-03,['Bakken Record'],Manga,['Sports'],"['Combat Sports', 'School']",Shounen,PG-13 - Teens 13 or older,7.15,7160.0,21614,2023-12-31 17:23:38.901091
Majutsushi Orphen Hagure Tabi: Urbanrama-hen,Sorcerous Stabber Orphen -Chaos in Urbanrama-,12.0,23.0,Winter 2023,2023-01-18,2023-04-05,['Studio Deen'],Light novel,"['Action', 'Adventure', 'Drama', 'Fantasy']",['Martial Arts'],,PG-13 - Teens 13 or older,6.14,2665.0,14780,2023-12-31 17:23:44.740423
Technoroid: Overmind,,12.0,24.0,Winter 2023,2023-01-05,2023-03-30,['Doga Kobo'],Mixed media,"['Mystery', 'Sci-Fi']","['Idols (Male)', 'Music']",,PG-13 - Teens 13 or older,6.51,3160.0,14186,2023-12-31 17:23:50.580332
D4DJ All Mix,,12.0,23.0,Winter 2023,2023-01-13,2023-03-31,['SANZIGEN'],Mixed media,,"['Idols (Female)', 'Music', 'School']",,PG-13 - Teens 13 or older,7.41,4494.0,12538,2023-12-31 17:23:56.522755
Nijiyon Animation,Nijiyon Animation,12.0,3.0,Winter 2023,2023-01-06,2023-03-24,['Sunrise'],4-koma manga,['Comedy'],"['CGDCT', 'Idols (Female)']",,PG-13 - Teens 13 or older,6.81,4345.0,11356,2023-12-31 17:24:02.550010
UniteUp!,,12.0,24.0,Winter 2023,2023-01-07,2023-04-15,['CloverWorks'],Music,['Slice of Life'],"['Idols (Male)', 'Music']",,PG-13 - Teens 13 or older,7.02,2708.0,9089,2023-12-31 17:24:08.415307
Hirogaru Sky! Precure,Soaring Sky! Pretty Cure,,24.0,Winter 2023,2023-02-05,,['Toei Animation'],Original,"['Action', 'Fantasy']",['Mahou Shoujo'],,G - All Ages,7.63,1674.0,8442,2023-12-31 17:24:14.127565
Boku to Roboko,Me & Roboco,28.0,3.0,Winter 2023,2022-12-05,2023-06-19,['Gallop'],Manga,"['Comedy', 'Sci-Fi']",['Gag Humor'],Shounen,PG-13 - Teens 13 or older,6.77,2293.0,7366,2023-12-31 17:24:19.849532
Flaglia: Natsuyasumi no Monogatari,,6.0,13.0,Winter 2023,2023-01-17,2023-01-31,['Gaina'],Mixed media,['Fantasy'],,,PG-13 - Teens 13 or older,5.12,244.0,4528,2023-12-31 17:24:26.141289
Cardfight!! Vanguard: will+Dress Season 2,,12.0,24.0,Winter 2023,2023-01-14,2023-04-01,"['Kinema Citrus', 'GIFTanimation', 'Studio Jemi']",Original,['Action'],['Strategy Game'],,PG-13 - Teens 13 or older,6.73,1035.0,4227,2023-12-31 17:24:31.945289
KJ File 2nd Season,KJ File 2nd Season,13.0,5.0,Winter 2023,2023-01-09,2023-04-03,"['ILCA', 'yell']",Original,"['Action', 'Sci-Fi']",,,PG-13 - Teens 13 or older,5.38,133.0,1763,2023-12-31 17:24:37.552048
Yomawari Neko,,15.0,5.0,Winter 2023,2023-03-21,2023-03-27,['Shogakukan Music & Digital Entertainment'],Web manga,['Slice of Life'],['Anthropomorphic'],,PG-13 - Teens 13 or older,,,632,2023-12-31 17:24:43.171193
Chuldong! Super Wings 7,Super Wings 7,40.0,11.0,Winter 2023,2023-02-27,2023-07-11,,Original,['Adventure'],['Racing'],Kids,PG - Children,,,87,2023-12-31 17:24:48.832058
Heart Cocktail Colorful: Haru-hen,,5.0,5.0,Winter 2023,2023-03-28,2023-03-29,,Manga,['Romance'],,Seinen,PG-13 - Teens 13 or older,,,82,2023-12-31 17:24:54.491679
Lindaui Singihan Yeohaeng 2,The Curious World of Linda 2,,14.0,Winter 2023,2022-12-25,,,Original,['Adventure'],,Kids,PG - Children,,,81,2023-12-31 17:25:00.147388
Cricket Pang Season 2,,,,Winter 2023,2023-01-13,,,Original,['Comedy'],,Kids,PG - Children,,,76,2023-12-31 17:25:05.753952
Nae Chingu Baninbaneo,,13.0,12.0,Winter 2023,2022-12-28,2023-03-22,,Original,"['Adventure', 'Fantasy']",['Super Power'],Kids,PG - Children,,,72,2023-12-31 17:25:11.517528
Ppungppungppangppang Bubumaen,,26.0,11.0,Winter 2023,2023-02-27,2023-05-23,,Original,['Comedy'],['Super Power'],Kids,G - All Ages,,,72,2023-12-31 17:25:17.147077
